Iteration,TotalNodes,MemoryBytes,Phase
0,2,512,Morning_Clean
1,2,512,Morning_Clean
2,2,512,Morning_Clean
3,2,512,Morning_Clean
4,2,512,Morning_Clean
5,2,512,Morning_Clean
6,2,512,Morning_Clean
7,2,512,Morning_Clean
8,2,512,Morning_Clean
9,2,512,Morning_Clean
10,2,512,Morning_Clean
11,2,512,Morning_Clean
12,2,512,Morning_Clean
13,2,512,Morning_Clean
14,2,512,Morning_Clean
15,2,512,Morning_Clean
16,2,512,Morning_Clean
17,2,512,Morning_Clean
18,2,512,Morning_Clean
19,2,512,Morning_Clean
20,2,512,Morning_Clean
21,2,512,Morning_Clean
22,2,512,Morning_Clean
23,2,512,Morning_Clean
24,2,512,Morning_Clean
25,2,512,Morning_Clean
26,2,512,Morning_Clean
27,2,512,Morning_Clean
28,2,512,Morning_Clean
29,2,512,Morning_Clean
30,2,512,Morning_Clean
31,2,512,Morning_Clean
32,2,512,Morning_Clean
33,2,512,Morning_Clean
34,2,512,Morning_Clean
35,2,512,Morning_Clean
36,2,512,Morning_Clean
37,2,512,Morning_Clean
38,2,512,Morning_Clean
39,2,512,Morning_Clean
40,2,512,Morning_Clean
41,2,512,Morning_Clean
42,2,512,Morning_Clean
43,2,512,Morning_Clean
44,2,512,Morning_Clean
45,2,512,Morning_Clean
46,2,512,Morning_Clean
47,2,512,Morning_Clean
48,2,512,Morning_Clean
49,2,512,Morning_Clean
50,2,512,Morning_Clean
51,2,512,Morning_Clean
52,2,512,Morning_Clean
53,2,512,Morning_Clean
54,2,512,Morning_Clean
55,2,512,Morning_Clean
56,2,512,Morning_Clean
57,2,512,Morning_Clean
58,2,512,Morning_Clean
59,2,512,Morning_Clean
60,2,512,Morning_Clean
61,2,512,Morning_Clean
62,2,512,Morning_Clean
63,2,512,Morning_Clean
64,2,512,Morning_Clean
65,2,512,Morning_Clean
66,2,512,Morning_Clean
67,2,512,Morning_Clean
68,2,512,Morning_Clean
69,2,512,Morning_Clean
70,2,512,Morning_Clean
71,2,512,Morning_Clean
72,2,512,Morning_Clean
73,2,512,Morning_Clean
74,2,512,Morning_Clean
75,2,512,Morning_Clean
76,2,512,Morning_Clean
77,2,512,Morning_Clean
78,2,512,Morning_Clean
79,2,512,Morning_Clean
80,2,512,Morning_Clean
81,2,512,Morning_Clean
82,2,512,Morning_Clean
83,2,512,Morning_Clean
84,2,512,Morning_Clean
85,2,512,Morning_Clean
86,2,512,Morning_Clean
87,2,512,Morning_Clean
88,2,512,Morning_Clean
89,2,512,Morning_Clean
90,2,512,Morning_Clean
91,2,512,Morning_Clean
92,2,512,Morning_Clean
93,2,512,Morning_Clean
94,2,512,Morning_Clean
95,2,512,Morning_Clean
96,2,512,Morning_Clean
97,2,512,Morning_Clean
98,2,512,Morning_Clean
99,2,512,Morning_Clean
100,2,512,Morning_Clean
101,2,512,Morning_Clean
102,2,512,Morning_Clean
103,2,512,Morning_Clean
104,2,512,Morning_Clean
105,2,512,Morning_Clean
106,2,512,Morning_Clean
107,2,512,Morning_Clean
108,2,512,Morning_Clean
109,2,512,Morning_Clean
110,2,512,Morning_Clean
111,2,512,Morning_Clean
112,2,512,Morning_Clean
113,2,512,Morning_Clean
114,2,512,Morning_Clean
115,2,512,Morning_Clean
116,2,512,Morning_Clean
117,2,512,Morning_Clean
118,2,512,Morning_Clean
119,2,512,Morning_Clean
120,2,512,Morning_Clean
121,2,512,Morning_Clean
122,2,512,Morning_Clean
123,2,512,Morning_Clean
124,2,512,Morning_Clean
125,2,512,Morning_Clean
126,2,512,Morning_Clean
127,2,512,Morning_Clean
128,2,512,Morning_Clean
129,2,512,Morning_Clean
130,2,512,Morning_Clean
131,2,512,Morning_Clean
132,2,512,Morning_Clean
133,2,512,Morning_Clean
134,2,512,Morning_Clean
135,2,512,Morning_Clean
136,2,512,Morning_Clean
137,2,512,Morning_Clean
138,2,512,Morning_Clean
139,2,512,Morning_Clean
140,2,512,Morning_Clean
141,2,512,Morning_Clean
142,2,512,Morning_Clean
143,2,512,Morning_Clean
144,2,512,Morning_Clean
145,2,512,Morning_Clean
146,2,512,Morning_Clean
147,2,512,Morning_Clean
148,2,512,Morning_Clean
149,2,512,Morning_Clean
150,2,512,Morning_Clean
151,2,512,Morning_Clean
152,2,512,Morning_Clean
153,2,512,Morning_Clean
154,2,512,Morning_Clean
155,2,512,Morning_Clean
156,2,512,Morning_Clean
157,2,512,Morning_Clean
158,2,512,Morning_Clean
159,2,512,Morning_Clean
160,2,512,Morning_Clean
161,2,512,Morning_Clean
162,2,512,Morning_Clean
163,2,512,Morning_Clean
164,2,512,Morning_Clean
165,2,512,Morning_Clean
166,2,512,Morning_Clean
167,2,512,Morning_Clean
168,2,512,Morning_Clean
169,2,512,Morning_Clean
170,2,512,Morning_Clean
171,2,512,Morning_Clean
172,2,512,Morning_Clean
173,2,512,Morning_Clean
174,2,512,Morning_Clean
175,2,512,Morning_Clean
176,2,512,Morning_Clean
177,2,512,Morning_Clean
178,2,512,Morning_Clean
179,2,512,Morning_Clean
180,2,512,Morning_Clean
181,2,512,Morning_Clean
182,2,512,Morning_Clean
183,2,512,Morning_Clean
184,2,512,Morning_Clean
185,2,512,Morning_Clean
186,2,512,Morning_Clean
187,2,512,Morning_Clean
188,2,512,Morning_Clean
189,2,512,Morning_Clean
190,2,512,Morning_Clean
191,2,512,Morning_Clean
192,2,512,Morning_Clean
193,2,512,Morning_Clean
194,2,512,Morning_Clean
195,2,512,Morning_Clean
196,2,512,Morning_Clean
197,2,512,Morning_Clean
198,2,512,Morning_Clean
199,2,512,Morning_Clean
200,2,512,Morning_Clean
201,2,512,Morning_Clean
202,2,512,Morning_Clean
203,2,512,Morning_Clean
204,2,512,Morning_Clean
205,2,512,Morning_Clean
206,2,512,Morning_Clean
207,2,512,Morning_Clean
208,2,512,Morning_Clean
209,2,512,Morning_Clean
210,2,512,Morning_Clean
211,2,512,Morning_Clean
212,2,512,Morning_Clean
213,2,512,Morning_Clean
214,2,512,Morning_Clean
215,2,512,Morning_Clean
216,2,512,Morning_Clean
217,2,512,Morning_Clean
218,2,512,Morning_Clean
219,2,512,Morning_Clean
220,2,512,Morning_Clean
221,2,512,Morning_Clean
222,2,512,Morning_Clean
223,2,512,Morning_Clean
224,2,512,Morning_Clean
225,2,512,Morning_Clean
226,2,512,Morning_Clean
227,2,512,Morning_Clean
228,2,512,Morning_Clean
229,2,512,Morning_Clean
230,2,512,Morning_Clean
231,2,512,Morning_Clean
232,2,512,Morning_Clean
233,2,512,Morning_Clean
234,2,512,Morning_Clean
235,2,512,Morning_Clean
236,2,512,Morning_Clean
237,2,512,Morning_Clean
238,2,512,Morning_Clean
239,2,512,Morning_Clean
240,2,512,Morning_Clean
241,2,512,Morning_Clean
242,2,512,Morning_Clean
243,2,512,Morning_Clean
244,2,512,Morning_Clean
245,2,512,Morning_Clean
246,2,512,Morning_Clean
247,2,512,Morning_Clean
248,2,512,Morning_Clean
249,2,512,Morning_Clean
250,2,512,Morning_Clean
251,2,512,Morning_Clean
252,2,512,Morning_Clean
253,2,512,Morning_Clean
254,2,512,Morning_Clean
255,2,512,Morning_Clean
256,2,512,Morning_Clean
257,2,512,Morning_Clean
258,2,512,Morning_Clean
259,2,512,Morning_Clean
260,2,512,Morning_Clean
261,2,512,Morning_Clean
262,2,512,Morning_Clean
263,2,512,Morning_Clean
264,2,512,Morning_Clean
265,2,512,Morning_Clean
266,2,512,Morning_Clean
267,2,512,Morning_Clean
268,2,512,Morning_Clean
269,2,512,Morning_Clean
270,2,512,Morning_Clean
271,2,512,Morning_Clean
272,2,512,Morning_Clean
273,2,512,Morning_Clean
274,2,512,Morning_Clean
275,2,512,Morning_Clean
276,2,512,Morning_Clean
277,2,512,Morning_Clean
278,2,512,Morning_Clean
279,2,512,Morning_Clean
280,2,512,Morning_Clean
281,2,512,Morning_Clean
282,2,512,Morning_Clean
283,2,512,Morning_Clean
284,2,512,Morning_Clean
285,2,512,Morning_Clean
286,2,512,Morning_Clean
287,2,512,Morning_Clean
288,2,512,Morning_Clean
289,2,512,Morning_Clean
290,2,512,Morning_Clean
291,2,512,Morning_Clean
292,2,512,Morning_Clean
293,2,512,Morning_Clean
294,2,512,Morning_Clean
295,2,512,Morning_Clean
296,2,512,Morning_Clean
297,2,512,Morning_Clean
298,2,512,Morning_Clean
299,2,512,Morning_Clean
300,2,512,Morning_Clean
301,2,512,Morning_Clean
302,2,512,Morning_Clean
303,2,512,Morning_Clean
304,2,512,Morning_Clean
305,2,512,Morning_Clean
306,2,512,Morning_Clean
307,2,512,Morning_Clean
308,2,512,Morning_Clean
309,2,512,Morning_Clean
310,2,512,Morning_Clean
311,2,512,Morning_Clean
312,2,512,Morning_Clean
313,2,512,Morning_Clean
314,2,512,Morning_Clean
315,2,512,Morning_Clean
316,2,512,Morning_Clean
317,2,512,Morning_Clean
318,2,512,Morning_Clean
319,2,512,Morning_Clean
320,2,512,Morning_Clean
321,2,512,Morning_Clean
322,2,512,Morning_Clean
323,2,512,Morning_Clean
324,2,512,Morning_Clean
325,2,512,Morning_Clean
326,2,512,Morning_Clean
327,2,512,Morning_Clean
328,2,512,Morning_Clean
329,2,512,Morning_Clean
330,2,512,Morning_Clean
331,2,512,Morning_Clean
332,2,512,Morning_Clean
333,2,512,Morning_Clean
334,2,512,Morning_Clean
335,2,512,Morning_Clean
336,2,512,Morning_Clean
337,2,512,Morning_Clean
338,2,512,Morning_Clean
339,2,512,Morning_Clean
340,2,512,Morning_Clean
341,2,512,Morning_Clean
342,2,512,Morning_Clean
343,2,512,Morning_Clean
344,2,512,Morning_Clean
345,2,512,Morning_Clean
346,2,512,Morning_Clean
347,2,512,Morning_Clean
348,2,512,Morning_Clean
349,2,512,Morning_Clean
350,2,512,Morning_Clean
351,2,512,Morning_Clean
352,2,512,Morning_Clean
353,2,512,Morning_Clean
354,2,512,Morning_Clean
355,2,512,Morning_Clean
356,2,512,Morning_Clean
357,2,512,Morning_Clean
358,2,512,Morning_Clean
359,2,512,Morning_Clean
360,2,512,Morning_Clean
361,2,512,Morning_Clean
362,2,512,Morning_Clean
363,2,512,Morning_Clean
364,2,512,Morning_Clean
365,2,512,Morning_Clean
366,2,512,Morning_Clean
367,2,512,Morning_Clean
368,2,512,Morning_Clean
369,2,512,Morning_Clean
370,2,512,Morning_Clean
371,2,512,Morning_Clean
372,2,512,Morning_Clean
373,2,512,Morning_Clean
374,2,512,Morning_Clean
375,2,512,Morning_Clean
376,2,512,Morning_Clean
377,2,512,Morning_Clean
378,2,512,Morning_Clean
379,2,512,Morning_Clean
380,2,512,Morning_Clean
381,2,512,Morning_Clean
382,2,512,Morning_Clean
383,2,512,Morning_Clean
384,2,512,Morning_Clean
385,2,512,Morning_Clean
386,2,512,Morning_Clean
387,2,512,Morning_Clean
388,2,512,Morning_Clean
389,2,512,Morning_Clean
390,2,512,Morning_Clean
391,2,512,Morning_Clean
392,2,512,Morning_Clean
393,2,512,Morning_Clean
394,2,512,Morning_Clean
395,2,512,Morning_Clean
396,2,512,Morning_Clean
397,2,512,Morning_Clean
398,2,512,Morning_Clean
399,2,512,Morning_Clean
400,2,512,Morning_Clean
401,2,512,Morning_Clean
402,2,512,Morning_Clean
403,2,512,Morning_Clean
404,2,512,Morning_Clean
405,2,512,Morning_Clean
406,2,512,Morning_Clean
407,2,512,Morning_Clean
408,2,512,Morning_Clean
409,2,512,Morning_Clean
410,2,512,Morning_Clean
411,2,512,Morning_Clean
412,2,512,Morning_Clean
413,2,512,Morning_Clean
414,2,512,Morning_Clean
415,2,512,Morning_Clean
416,2,512,Morning_Clean
417,2,512,Morning_Clean
418,2,512,Morning_Clean
419,2,512,Morning_Clean
420,2,512,Morning_Clean
421,2,512,Morning_Clean
422,2,512,Morning_Clean
423,2,512,Morning_Clean
424,2,512,Morning_Clean
425,2,512,Morning_Clean
426,2,512,Morning_Clean
427,2,512,Morning_Clean
428,2,512,Morning_Clean
429,2,512,Morning_Clean
430,2,512,Morning_Clean
431,2,512,Morning_Clean
432,2,512,Morning_Clean
433,2,512,Morning_Clean
434,2,512,Morning_Clean
435,2,512,Morning_Clean
436,2,512,Morning_Clean
437,2,512,Morning_Clean
438,2,512,Morning_Clean
439,2,512,Morning_Clean
440,2,512,Morning_Clean
441,2,512,Morning_Clean
442,2,512,Morning_Clean
443,2,512,Morning_Clean
444,2,512,Morning_Clean
445,2,512,Morning_Clean
446,2,512,Morning_Clean
447,2,512,Morning_Clean
448,2,512,Morning_Clean
449,2,512,Morning_Clean
450,2,512,Morning_Clean
451,2,512,Morning_Clean
452,2,512,Morning_Clean
453,2,512,Morning_Clean
454,2,512,Morning_Clean
455,2,512,Morning_Clean
456,2,512,Morning_Clean
457,2,512,Morning_Clean
458,2,512,Morning_Clean
459,2,512,Morning_Clean
460,2,512,Morning_Clean
461,2,512,Morning_Clean
462,2,512,Morning_Clean
463,2,512,Morning_Clean
464,2,512,Morning_Clean
465,2,512,Morning_Clean
466,2,512,Morning_Clean
467,2,512,Morning_Clean
468,2,512,Morning_Clean
469,2,512,Morning_Clean
470,2,512,Morning_Clean
471,2,512,Morning_Clean
472,2,512,Morning_Clean
473,2,512,Morning_Clean
474,2,512,Morning_Clean
475,2,512,Morning_Clean
476,2,512,Morning_Clean
477,2,512,Morning_Clean
478,2,512,Morning_Clean
479,2,512,Morning_Clean
480,2,512,Morning_Clean
481,2,512,Morning_Clean
482,2,512,Morning_Clean
483,2,512,Morning_Clean
484,2,512,Morning_Clean
485,2,512,Morning_Clean
486,2,512,Morning_Clean
487,2,512,Morning_Clean
488,2,512,Morning_Clean
489,2,512,Morning_Clean
490,2,512,Morning_Clean
491,2,512,Morning_Clean
492,2,512,Morning_Clean
493,2,512,Morning_Clean
494,2,512,Morning_Clean
495,2,512,Morning_Clean
496,2,512,Morning_Clean
497,2,512,Morning_Clean
498,2,512,Morning_Clean
499,2,512,Morning_Clean
500,2,512,Morning_Clean
501,2,512,Morning_Clean
502,2,512,Morning_Clean
503,2,512,Morning_Clean
504,2,512,Morning_Clean
505,2,512,Morning_Clean
506,2,512,Morning_Clean
507,2,512,Morning_Clean
508,2,512,Morning_Clean
509,2,512,Morning_Clean
510,2,512,Morning_Clean
511,2,512,Morning_Clean
512,2,512,Morning_Clean
513,2,512,Morning_Clean
514,2,512,Morning_Clean
515,2,512,Morning_Clean
516,2,512,Morning_Clean
517,2,512,Morning_Clean
518,2,512,Morning_Clean
519,2,512,Morning_Clean
520,2,512,Morning_Clean
521,2,512,Morning_Clean
522,2,512,Morning_Clean
523,2,512,Morning_Clean
524,2,512,Morning_Clean
525,2,512,Morning_Clean
526,2,512,Morning_Clean
527,2,512,Morning_Clean
528,2,512,Morning_Clean
529,2,512,Morning_Clean
530,2,512,Morning_Clean
531,2,512,Morning_Clean
532,2,512,Morning_Clean
533,2,512,Morning_Clean
534,2,512,Morning_Clean
535,2,512,Morning_Clean
536,2,512,Morning_Clean
537,2,512,Morning_Clean
538,2,512,Morning_Clean
539,2,512,Morning_Clean
540,2,512,Morning_Clean
541,2,512,Morning_Clean
542,2,512,Morning_Clean
543,2,512,Morning_Clean
544,2,512,Morning_Clean
545,2,512,Morning_Clean
546,2,512,Morning_Clean
547,2,512,Morning_Clean
548,2,512,Morning_Clean
549,2,512,Morning_Clean
550,2,512,Morning_Clean
551,2,512,Morning_Clean
552,2,512,Morning_Clean
553,2,512,Morning_Clean
554,2,512,Morning_Clean
555,2,512,Morning_Clean
556,2,512,Morning_Clean
557,2,512,Morning_Clean
558,2,512,Morning_Clean
559,2,512,Morning_Clean
560,2,512,Morning_Clean
561,2,512,Morning_Clean
562,2,512,Morning_Clean
563,2,512,Morning_Clean
564,2,512,Morning_Clean
565,2,512,Morning_Clean
566,2,512,Morning_Clean
567,2,512,Morning_Clean
568,2,512,Morning_Clean
569,2,512,Morning_Clean
570,2,512,Morning_Clean
571,2,512,Morning_Clean
572,2,512,Morning_Clean
573,2,512,Morning_Clean
574,2,512,Morning_Clean
575,2,512,Morning_Clean
576,2,512,Morning_Clean
577,2,512,Morning_Clean
578,2,512,Morning_Clean
579,2,512,Morning_Clean
580,2,512,Morning_Clean
581,2,512,Morning_Clean
582,2,512,Morning_Clean
583,2,512,Morning_Clean
584,2,512,Morning_Clean
585,2,512,Morning_Clean
586,2,512,Morning_Clean
587,2,512,Morning_Clean
588,2,512,Morning_Clean
589,2,512,Morning_Clean
590,2,512,Morning_Clean
591,2,512,Morning_Clean
592,2,512,Morning_Clean
593,2,512,Morning_Clean
594,2,512,Morning_Clean
595,2,512,Morning_Clean
596,2,512,Morning_Clean
597,2,512,Morning_Clean
598,2,512,Morning_Clean
599,2,512,Morning_Clean
600,2,512,Morning_Clean
601,2,512,Morning_Clean
602,2,512,Morning_Clean
603,2,512,Morning_Clean
604,2,512,Morning_Clean
605,2,512,Morning_Clean
606,2,512,Morning_Clean
607,2,512,Morning_Clean
608,2,512,Morning_Clean
609,2,512,Morning_Clean
610,2,512,Morning_Clean
611,2,512,Morning_Clean
612,2,512,Morning_Clean
613,2,512,Morning_Clean
614,2,512,Morning_Clean
615,2,512,Morning_Clean
616,2,512,Morning_Clean
617,2,512,Morning_Clean
618,2,512,Morning_Clean
619,2,512,Morning_Clean
620,2,512,Morning_Clean
621,2,512,Morning_Clean
622,2,512,Morning_Clean
623,2,512,Morning_Clean
624,2,512,Morning_Clean
625,2,512,Morning_Clean
626,2,512,Morning_Clean
627,2,512,Morning_Clean
628,2,512,Morning_Clean
629,2,512,Morning_Clean
630,2,512,Morning_Clean
631,2,512,Morning_Clean
632,2,512,Morning_Clean
633,2,512,Morning_Clean
634,2,512,Morning_Clean
635,2,512,Morning_Clean
636,2,512,Morning_Clean
637,2,512,Morning_Clean
638,2,512,Morning_Clean
639,2,512,Morning_Clean
640,2,512,Morning_Clean
641,2,512,Morning_Clean
642,2,512,Morning_Clean
643,2,512,Morning_Clean
644,2,512,Morning_Clean
645,2,512,Morning_Clean
646,2,512,Morning_Clean
647,2,512,Morning_Clean
648,2,512,Morning_Clean
649,2,512,Morning_Clean
650,2,512,Morning_Clean
651,2,512,Morning_Clean
652,2,512,Morning_Clean
653,2,512,Morning_Clean
654,2,512,Morning_Clean
655,2,512,Morning_Clean
656,2,512,Morning_Clean
657,2,512,Morning_Clean
658,2,512,Morning_Clean
659,2,512,Morning_Clean
660,2,512,Morning_Clean
661,2,512,Morning_Clean
662,2,512,Morning_Clean
663,2,512,Morning_Clean
664,2,512,Morning_Clean
665,2,512,Morning_Clean
666,2,512,Morning_Clean
667,2,512,Morning_Clean
668,2,512,Morning_Clean
669,2,512,Morning_Clean
670,2,512,Morning_Clean
671,2,512,Morning_Clean
672,2,512,Morning_Clean
673,2,512,Morning_Clean
674,2,512,Morning_Clean
675,2,512,Morning_Clean
676,2,512,Morning_Clean
677,2,512,Morning_Clean
678,2,512,Morning_Clean
679,2,512,Morning_Clean
680,2,512,Morning_Clean
681,2,512,Morning_Clean
682,2,512,Morning_Clean
683,2,512,Morning_Clean
684,2,512,Morning_Clean
685,2,512,Morning_Clean
686,2,512,Morning_Clean
687,2,512,Morning_Clean
688,2,512,Morning_Clean
689,2,512,Morning_Clean
690,2,512,Morning_Clean
691,2,512,Morning_Clean
692,2,512,Morning_Clean
693,2,512,Morning_Clean
694,2,512,Morning_Clean
695,2,512,Morning_Clean
696,2,512,Morning_Clean
697,2,512,Morning_Clean
698,2,512,Morning_Clean
699,2,512,Morning_Clean
700,2,512,Morning_Clean
701,2,512,Morning_Clean
702,2,512,Morning_Clean
703,2,512,Morning_Clean
704,2,512,Morning_Clean
705,2,512,Morning_Clean
706,2,512,Morning_Clean
707,2,512,Morning_Clean
708,2,512,Morning_Clean
709,2,512,Morning_Clean
710,2,512,Morning_Clean
711,2,512,Morning_Clean
712,2,512,Morning_Clean
713,2,512,Morning_Clean
714,2,512,Morning_Clean
715,2,512,Morning_Clean
716,2,512,Morning_Clean
717,2,512,Morning_Clean
718,2,512,Morning_Clean
719,2,512,Morning_Clean
720,2,512,Morning_Clean
721,2,512,Morning_Clean
722,2,512,Morning_Clean
723,2,512,Morning_Clean
724,2,512,Morning_Clean
725,2,512,Morning_Clean
726,2,512,Morning_Clean
727,2,512,Morning_Clean
728,2,512,Morning_Clean
729,2,512,Morning_Clean
730,2,512,Morning_Clean
731,2,512,Morning_Clean
732,2,512,Morning_Clean
733,2,512,Morning_Clean
734,2,512,Morning_Clean
735,2,512,Morning_Clean
736,2,512,Morning_Clean
737,2,512,Morning_Clean
738,2,512,Morning_Clean
739,2,512,Morning_Clean
740,2,512,Morning_Clean
741,2,512,Morning_Clean
742,2,512,Morning_Clean
743,2,512,Morning_Clean
744,2,512,Morning_Clean
745,2,512,Morning_Clean
746,2,512,Morning_Clean
747,2,512,Morning_Clean
748,2,512,Morning_Clean
749,2,512,Morning_Clean
750,2,512,Morning_Clean
751,2,512,Morning_Clean
752,2,512,Morning_Clean
753,2,512,Morning_Clean
754,2,512,Morning_Clean
755,2,512,Morning_Clean
756,2,512,Morning_Clean
757,2,512,Morning_Clean
758,2,512,Morning_Clean
759,2,512,Morning_Clean
760,2,512,Morning_Clean
761,2,512,Morning_Clean
762,2,512,Morning_Clean
763,2,512,Morning_Clean
764,2,512,Morning_Clean
765,2,512,Morning_Clean
766,2,512,Morning_Clean
767,2,512,Morning_Clean
768,2,512,Morning_Clean
769,2,512,Morning_Clean
770,2,512,Morning_Clean
771,2,512,Morning_Clean
772,2,512,Morning_Clean
773,2,512,Morning_Clean
774,2,512,Morning_Clean
775,2,512,Morning_Clean
776,2,512,Morning_Clean
777,2,512,Morning_Clean
778,2,512,Morning_Clean
779,2,512,Morning_Clean
780,2,512,Morning_Clean
781,2,512,Morning_Clean
782,2,512,Morning_Clean
783,2,512,Morning_Clean
784,2,512,Morning_Clean
785,2,512,Morning_Clean
786,2,512,Morning_Clean
787,2,512,Morning_Clean
788,2,512,Morning_Clean
789,2,512,Morning_Clean
790,2,512,Morning_Clean
791,2,512,Morning_Clean
792,2,512,Morning_Clean
793,2,512,Morning_Clean
794,2,512,Morning_Clean
795,2,512,Morning_Clean
796,2,512,Morning_Clean
797,2,512,Morning_Clean
798,2,512,Morning_Clean
799,2,512,Morning_Clean
800,2,512,Morning_Clean
801,2,512,Morning_Clean
802,2,512,Morning_Clean
803,2,512,Morning_Clean
804,2,512,Morning_Clean
805,2,512,Morning_Clean
806,2,512,Morning_Clean
807,2,512,Morning_Clean
808,2,512,Morning_Clean
809,2,512,Morning_Clean
810,2,512,Morning_Clean
811,2,512,Morning_Clean
812,2,512,Morning_Clean
813,2,512,Morning_Clean
814,2,512,Morning_Clean
815,2,512,Morning_Clean
816,2,512,Morning_Clean
817,2,512,Morning_Clean
818,2,512,Morning_Clean
819,2,512,Morning_Clean
820,2,512,Morning_Clean
821,2,512,Morning_Clean
822,2,512,Morning_Clean
823,2,512,Morning_Clean
824,2,512,Morning_Clean
825,2,512,Morning_Clean
826,2,512,Morning_Clean
827,2,512,Morning_Clean
828,2,512,Morning_Clean
829,2,512,Morning_Clean
830,2,512,Morning_Clean
831,2,512,Morning_Clean
832,2,512,Morning_Clean
833,2,512,Morning_Clean
834,2,512,Morning_Clean
835,2,512,Morning_Clean
836,2,512,Morning_Clean
837,2,512,Morning_Clean
838,2,512,Morning_Clean
839,2,512,Morning_Clean
840,2,512,Morning_Clean
841,2,512,Morning_Clean
842,2,512,Morning_Clean
843,2,512,Morning_Clean
844,2,512,Morning_Clean
845,2,512,Morning_Clean
846,2,512,Morning_Clean
847,2,512,Morning_Clean
848,2,512,Morning_Clean
849,2,512,Morning_Clean
850,2,512,Morning_Clean
851,2,512,Morning_Clean
852,2,512,Morning_Clean
853,2,512,Morning_Clean
854,2,512,Morning_Clean
855,2,512,Morning_Clean
856,2,512,Morning_Clean
857,2,512,Morning_Clean
858,2,512,Morning_Clean
859,2,512,Morning_Clean
860,2,512,Morning_Clean
861,2,512,Morning_Clean
862,2,512,Morning_Clean
863,2,512,Morning_Clean
864,2,512,Morning_Clean
865,2,512,Morning_Clean
866,2,512,Morning_Clean
867,2,512,Morning_Clean
868,2,512,Morning_Clean
869,2,512,Morning_Clean
870,2,512,Morning_Clean
871,2,512,Morning_Clean
872,2,512,Morning_Clean
873,2,512,Morning_Clean
874,2,512,Morning_Clean
875,2,512,Morning_Clean
876,2,512,Morning_Clean
877,2,512,Morning_Clean
878,2,512,Morning_Clean
879,2,512,Morning_Clean
880,2,512,Morning_Clean
881,2,512,Morning_Clean
882,2,512,Morning_Clean
883,2,512,Morning_Clean
884,2,512,Morning_Clean
885,2,512,Morning_Clean
886,2,512,Morning_Clean
887,2,512,Morning_Clean
888,2,512,Morning_Clean
889,2,512,Morning_Clean
890,2,512,Morning_Clean
891,2,512,Morning_Clean
892,2,512,Morning_Clean
893,2,512,Morning_Clean
894,2,512,Morning_Clean
895,2,512,Morning_Clean
896,2,512,Morning_Clean
897,2,512,Morning_Clean
898,2,512,Morning_Clean
899,2,512,Morning_Clean
900,2,512,Morning_Clean
901,2,512,Morning_Clean
902,2,512,Morning_Clean
903,2,512,Morning_Clean
904,2,512,Morning_Clean
905,2,512,Morning_Clean
906,2,512,Morning_Clean
907,2,512,Morning_Clean
908,2,512,Morning_Clean
909,2,512,Morning_Clean
910,2,512,Morning_Clean
911,2,512,Morning_Clean
912,2,512,Morning_Clean
913,2,512,Morning_Clean
914,2,512,Morning_Clean
915,2,512,Morning_Clean
916,2,512,Morning_Clean
917,2,512,Morning_Clean
918,2,512,Morning_Clean
919,2,512,Morning_Clean
920,2,512,Morning_Clean
921,2,512,Morning_Clean
922,2,512,Morning_Clean
923,2,512,Morning_Clean
924,2,512,Morning_Clean
925,2,512,Morning_Clean
926,2,512,Morning_Clean
927,2,512,Morning_Clean
928,2,512,Morning_Clean
929,2,512,Morning_Clean
930,2,512,Morning_Clean
931,2,512,Morning_Clean
932,2,512,Morning_Clean
933,2,512,Morning_Clean
934,2,512,Morning_Clean
935,2,512,Morning_Clean
936,2,512,Morning_Clean
937,2,512,Morning_Clean
938,2,512,Morning_Clean
939,2,512,Morning_Clean
940,2,512,Morning_Clean
941,2,512,Morning_Clean
942,2,512,Morning_Clean
943,2,512,Morning_Clean
944,2,512,Morning_Clean
945,2,512,Morning_Clean
946,2,512,Morning_Clean
947,2,512,Morning_Clean
948,2,512,Morning_Clean
949,2,512,Morning_Clean
950,2,512,Morning_Clean
951,2,512,Morning_Clean
952,2,512,Morning_Clean
953,2,512,Morning_Clean
954,2,512,Morning_Clean
955,2,512,Morning_Clean
956,2,512,Morning_Clean
957,2,512,Morning_Clean
958,2,512,Morning_Clean
959,2,512,Morning_Clean
960,2,512,Morning_Clean
961,2,512,Morning_Clean
962,2,512,Morning_Clean
963,2,512,Morning_Clean
964,2,512,Morning_Clean
965,2,512,Morning_Clean
966,2,512,Morning_Clean
967,2,512,Morning_Clean
968,2,512,Morning_Clean
969,2,512,Morning_Clean
970,2,512,Morning_Clean
971,2,512,Morning_Clean
972,2,512,Morning_Clean
973,2,512,Morning_Clean
974,2,512,Morning_Clean
975,2,512,Morning_Clean
976,2,512,Morning_Clean
977,2,512,Morning_Clean
978,2,512,Morning_Clean
979,2,512,Morning_Clean
980,2,512,Morning_Clean
981,2,512,Morning_Clean
982,2,512,Morning_Clean
983,2,512,Morning_Clean
984,2,512,Morning_Clean
985,2,512,Morning_Clean
986,2,512,Morning_Clean
987,2,512,Morning_Clean
988,2,512,Morning_Clean
989,2,512,Morning_Clean
990,2,512,Morning_Clean
991,2,512,Morning_Clean
992,2,512,Morning_Clean
993,2,512,Morning_Clean
994,2,512,Morning_Clean
995,2,512,Morning_Clean
996,2,512,Morning_Clean
997,2,512,Morning_Clean
998,2,512,Morning_Clean
999,2,512,Morning_Clean
1000,3,768,Day_Noisy
1010,11,2816,Day_Noisy
1020,19,4864,Day_Noisy
1030,27,6912,Day_Noisy
1040,35,8960,Day_Noisy
1050,43,11008,Day_Noisy
1060,51,13056,Day_Noisy
1070,59,15104,Day_Noisy
1080,67,17152,Day_Noisy
1090,75,19200,Day_Noisy
1100,83,21248,Day_Noisy
1110,91,23296,Day_Noisy
1120,99,25344,Day_Noisy
1130,107,27392,Day_Noisy
1140,115,29440,Day_Noisy
1150,123,31488,Day_Noisy
1160,131,33536,Day_Noisy
1170,139,35584,Day_Noisy
1180,147,37632,Day_Noisy
1190,155,39680,Day_Noisy
1200,163,41728,Day_Noisy
1210,171,43776,Day_Noisy
1220,179,45824,Day_Noisy
1230,187,47872,Day_Noisy
1240,195,49920,Day_Noisy
1250,203,51968,Day_Noisy
1260,211,54016,Day_Noisy
1270,219,56064,Day_Noisy
1280,227,58112,Day_Noisy
1290,235,60160,Day_Noisy
1300,243,62208,Day_Noisy
1310,251,64256,Day_Noisy
1320,259,66304,Day_Noisy
1330,267,68352,Day_Noisy
1340,275,70400,Day_Noisy
1350,283,72448,Day_Noisy
1360,291,74496,Day_Noisy
1370,299,76544,Day_Noisy
1380,307,78592,Day_Noisy
1390,315,80640,Day_Noisy
1400,323,82688,Day_Noisy
1410,331,84736,Day_Noisy
1420,339,86784,Day_Noisy
1430,347,88832,Day_Noisy
1440,355,90880,Day_Noisy
1450,363,92928,Day_Noisy
1460,371,94976,Day_Noisy
1470,379,97024,Day_Noisy
1480,387,99072,Day_Noisy
1490,395,101120,Day_Noisy
1500,403,103168,Day_Noisy
1510,411,105216,Day_Noisy
1520,419,107264,Day_Noisy
1530,427,109312,Day_Noisy
1540,435,111360,Day_Noisy
1550,443,113408,Day_Noisy
1560,451,115456,Day_Noisy
1570,459,117504,Day_Noisy
1580,467,119552,Day_Noisy
1590,475,121600,Day_Noisy
1600,483,123648,Day_Noisy
1610,491,125696,Day_Noisy
1620,499,127744,Day_Noisy
1630,507,129792,Day_Noisy
1640,515,131840,Day_Noisy
1650,523,133888,Day_Noisy
1660,531,135936,Day_Noisy
1670,539,137984,Day_Noisy
1680,547,140032,Day_Noisy
1690,555,142080,Day_Noisy
1700,563,144128,Day_Noisy
1710,571,146176,Day_Noisy
1720,579,148224,Day_Noisy
1730,587,150272,Day_Noisy
1740,595,152320,Day_Noisy
1750,603,154368,Day_Noisy
1760,611,156416,Day_Noisy
1770,619,158464,Day_Noisy
1780,627,160512,Day_Noisy
1790,635,162560,Day_Noisy
1800,643,164608,Day_Noisy
1810,651,166656,Day_Noisy
1820,659,168704,Day_Noisy
1830,667,170752,Day_Noisy
1840,675,172800,Day_Noisy
1850,683,174848,Day_Noisy
1860,691,176896,Day_Noisy
1870,699,178944,Day_Noisy
1880,707,180992,Day_Noisy
1890,715,183040,Day_Noisy
1900,723,185088,Day_Noisy
1910,731,187136,Day_Noisy
1920,739,189184,Day_Noisy
1930,747,191232,Day_Noisy
1940,755,193280,Day_Noisy
1950,763,195328,Day_Noisy
1960,771,197376,Day_Noisy
1970,779,199424,Day_Noisy
1980,787,201472,Day_Noisy
1990,795,203520,Day_Noisy
2000,803,205568,Day_Noisy
2010,811,207616,Day_Noisy
2020,819,209664,Day_Noisy
2030,827,211712,Day_Noisy
2040,835,213760,Day_Noisy
2050,843,215808,Day_Noisy
2060,851,217856,Day_Noisy
2070,859,219904,Day_Noisy
2080,867,221952,Day_Noisy
2090,875,224000,Day_Noisy
2100,883,226048,Day_Noisy
2110,891,228096,Day_Noisy
2120,899,230144,Day_Noisy
2130,907,232192,Day_Noisy
2140,915,234240,Day_Noisy
2150,923,236288,Day_Noisy
2160,931,238336,Day_Noisy
2170,939,240384,Day_Noisy
2180,947,242432,Day_Noisy
2190,955,244480,Day_Noisy
2200,963,246528,Day_Noisy
2210,971,248576,Day_Noisy
2220,979,250624,Day_Noisy
2230,987,252672,Day_Noisy
2240,995,254720,Day_Noisy
2250,1003,256768,Day_Noisy
2260,1011,258816,Day_Noisy
2270,1019,260864,Day_Noisy
2280,1027,262912,Day_Noisy
2290,1035,264960,Day_Noisy
2300,1043,267008,Day_Noisy
2310,1051,269056,Day_Noisy
2320,1059,271104,Day_Noisy
2330,1067,273152,Day_Noisy
2340,1075,275200,Day_Noisy
2350,1083,277248,Day_Noisy
2360,1091,279296,Day_Noisy
2370,1099,281344,Day_Noisy
2380,1107,283392,Day_Noisy
2390,1115,285440,Day_Noisy
2400,1123,287488,Day_Noisy
2410,1131,289536,Day_Noisy
2420,1139,291584,Day_Noisy
2430,1147,293632,Day_Noisy
2440,1155,295680,Day_Noisy
2450,1163,297728,Day_Noisy
2460,1171,299776,Day_Noisy
2470,1179,301824,Day_Noisy
2480,1187,303872,Day_Noisy
2490,1195,305920,Day_Noisy
2500,1203,307968,Day_Noisy
2510,1211,310016,Day_Noisy
2520,1219,312064,Day_Noisy
2530,1227,314112,Day_Noisy
2540,1235,316160,Day_Noisy
2550,1243,318208,Day_Noisy
2560,1251,320256,Day_Noisy
2570,1259,322304,Day_Noisy
2580,1267,324352,Day_Noisy
2590,1275,326400,Day_Noisy
2600,1283,328448,Day_Noisy
2610,1291,330496,Day_Noisy
2620,1299,332544,Day_Noisy
2630,1307,334592,Day_Noisy
2640,1315,336640,Day_Noisy
2650,1323,338688,Day_Noisy
2660,1331,340736,Day_Noisy
2670,1339,342784,Day_Noisy
2680,1347,344832,Day_Noisy
2690,1355,346880,Day_Noisy
2700,1363,348928,Day_Noisy
2710,1371,350976,Day_Noisy
2720,1379,353024,Day_Noisy
2730,1387,355072,Day_Noisy
2740,1395,357120,Day_Noisy
2750,1403,359168,Day_Noisy
2760,1411,361216,Day_Noisy
2770,1419,363264,Day_Noisy
2780,1427,365312,Day_Noisy
2790,1435,367360,Day_Noisy
2800,1443,369408,Day_Noisy
2810,1451,371456,Day_Noisy
2820,1459,373504,Day_Noisy
2830,1467,375552,Day_Noisy
2840,1475,377600,Day_Noisy
2850,1483,379648,Day_Noisy
2860,1491,381696,Day_Noisy
2870,1499,383744,Day_Noisy
2880,1507,385792,Day_Noisy
2890,1515,387840,Day_Noisy
2900,1523,389888,Day_Noisy
2910,1531,391936,Day_Noisy
2920,1539,393984,Day_Noisy
2930,1547,396032,Day_Noisy
2940,1555,398080,Day_Noisy
2950,1563,400128,Day_Noisy
2960,1571,402176,Day_Noisy
2970,1579,404224,Day_Noisy
2980,1587,406272,Day_Noisy
2990,1595,408320,Day_Noisy
3000,1603,410368,Day_Noisy
3010,1611,412416,Day_Noisy
3020,1619,414464,Day_Noisy
3030,1627,416512,Day_Noisy
3040,1635,418560,Day_Noisy
3050,1643,420608,Day_Noisy
3060,1651,422656,Day_Noisy
3070,1659,424704,Day_Noisy
3080,1667,426752,Day_Noisy
3090,1675,428800,Day_Noisy
3100,1683,430848,Day_Noisy
3110,1691,432896,Day_Noisy
3120,1699,434944,Day_Noisy
3130,1707,436992,Day_Noisy
3140,1715,439040,Day_Noisy
3150,1723,441088,Day_Noisy
3160,1731,443136,Day_Noisy
3170,1739,445184,Day_Noisy
3180,1747,447232,Day_Noisy
3190,1755,449280,Day_Noisy
3200,1763,451328,Day_Noisy
3210,1771,453376,Day_Noisy
3220,1779,455424,Day_Noisy
3230,1787,457472,Day_Noisy
3240,1795,459520,Day_Noisy
3250,1803,461568,Day_Noisy
3260,1811,463616,Day_Noisy
3270,1819,465664,Day_Noisy
3280,1827,467712,Day_Noisy
3290,1835,469760,Day_Noisy
3300,1843,471808,Day_Noisy
3310,1851,473856,Day_Noisy
3320,1859,475904,Day_Noisy
3330,1867,477952,Day_Noisy
3340,1875,480000,Day_Noisy
3350,1883,482048,Day_Noisy
3360,1891,484096,Day_Noisy
3370,1899,486144,Day_Noisy
3380,1907,488192,Day_Noisy
3390,1915,490240,Day_Noisy
3400,1923,492288,Day_Noisy
3410,1931,494336,Day_Noisy
3420,1939,496384,Day_Noisy
3430,1947,498432,Day_Noisy
3440,1955,500480,Day_Noisy
3450,1963,502528,Day_Noisy
3460,1971,504576,Day_Noisy
3470,1979,506624,Day_Noisy
3480,1987,508672,Day_Noisy
3490,1995,510720,Day_Noisy
3500,2003,512768,Day_Noisy
3510,2011,514816,Day_Noisy
3520,2019,516864,Day_Noisy
3530,2027,518912,Day_Noisy
3540,2035,520960,Day_Noisy
3550,2043,523008,Day_Noisy
3560,2051,525056,Day_Noisy
3570,2059,527104,Day_Noisy
3580,2067,529152,Day_Noisy
3590,2075,531200,Day_Noisy
3600,2083,533248,Day_Noisy
3610,2091,535296,Day_Noisy
3620,2099,537344,Day_Noisy
3630,2107,539392,Day_Noisy
3640,2115,541440,Day_Noisy
3650,2123,543488,Day_Noisy
3660,2131,545536,Day_Noisy
3670,2139,547584,Day_Noisy
3680,2147,549632,Day_Noisy
3690,2155,551680,Day_Noisy
3700,2163,553728,Day_Noisy
3710,2171,555776,Day_Noisy
3720,2179,557824,Day_Noisy
3730,2187,559872,Day_Noisy
3740,2195,561920,Day_Noisy
3750,2203,563968,Day_Noisy
3760,2211,566016,Day_Noisy
3770,2219,568064,Day_Noisy
3780,2227,570112,Day_Noisy
3790,2235,572160,Day_Noisy
3800,2243,574208,Day_Noisy
3810,2251,576256,Day_Noisy
3820,2259,578304,Day_Noisy
3830,2267,580352,Day_Noisy
3840,2275,582400,Day_Noisy
3850,2283,584448,Day_Noisy
3860,2291,586496,Day_Noisy
3870,2299,588544,Day_Noisy
3880,2307,590592,Day_Noisy
3890,2315,592640,Day_Noisy
3900,2323,594688,Day_Noisy
3910,2331,596736,Day_Noisy
3920,2339,598784,Day_Noisy
3930,2347,600832,Day_Noisy
3940,2355,602880,Day_Noisy
3950,2363,604928,Day_Noisy
3960,2371,606976,Day_Noisy
3970,2379,609024,Day_Noisy
3980,2387,611072,Day_Noisy
3990,2395,613120,Day_Noisy
4000,2403,615168,Day_Noisy
4010,2411,617216,Day_Noisy
4020,2419,619264,Day_Noisy
4030,2427,621312,Day_Noisy
4040,2435,623360,Day_Noisy
4050,2443,625408,Day_Noisy
4060,2451,627456,Day_Noisy
4070,2459,629504,Day_Noisy
4080,2467,631552,Day_Noisy
4090,2475,633600,Day_Noisy
4100,2483,635648,Day_Noisy
4110,2491,637696,Day_Noisy
4120,2499,639744,Day_Noisy
4130,2507,641792,Day_Noisy
4140,2515,643840,Day_Noisy
4150,2523,645888,Day_Noisy
4160,2531,647936,Day_Noisy
4170,2539,649984,Day_Noisy
4180,2547,652032,Day_Noisy
4190,2555,654080,Day_Noisy
4200,2563,656128,Day_Noisy
4210,2571,658176,Day_Noisy
4220,2579,660224,Day_Noisy
4230,2587,662272,Day_Noisy
4240,2595,664320,Day_Noisy
4250,2603,666368,Day_Noisy
4260,2611,668416,Day_Noisy
4270,2619,670464,Day_Noisy
4280,2627,672512,Day_Noisy
4290,2635,674560,Day_Noisy
4300,2643,676608,Day_Noisy
4310,2651,678656,Day_Noisy
4320,2659,680704,Day_Noisy
4330,2667,682752,Day_Noisy
4340,2675,684800,Day_Noisy
4350,2683,686848,Day_Noisy
4360,2691,688896,Day_Noisy
4370,2699,690944,Day_Noisy
4380,2707,692992,Day_Noisy
4390,2715,695040,Day_Noisy
4400,2723,697088,Day_Noisy
4410,2731,699136,Day_Noisy
4420,2739,701184,Day_Noisy
4430,2747,703232,Day_Noisy
4440,2755,705280,Day_Noisy
4450,2763,707328,Day_Noisy
4460,2771,709376,Day_Noisy
4470,2779,711424,Day_Noisy
4480,2787,713472,Day_Noisy
4490,2795,715520,Day_Noisy
4500,2803,717568,Day_Noisy
4510,2811,719616,Day_Noisy
4520,2819,721664,Day_Noisy
4530,2827,723712,Day_Noisy
4540,2835,725760,Day_Noisy
4550,2843,727808,Day_Noisy
4560,2851,729856,Day_Noisy
4570,2859,731904,Day_Noisy
4580,2867,733952,Day_Noisy
4590,2875,736000,Day_Noisy
4600,2883,738048,Day_Noisy
4610,2891,740096,Day_Noisy
4620,2899,742144,Day_Noisy
4630,2907,744192,Day_Noisy
4640,2915,746240,Day_Noisy
4650,2923,748288,Day_Noisy
4660,2931,750336,Day_Noisy
4670,2939,752384,Day_Noisy
4680,2947,754432,Day_Noisy
4690,2955,756480,Day_Noisy
4700,2963,758528,Day_Noisy
4710,2971,760576,Day_Noisy
4720,2979,762624,Day_Noisy
4730,2987,764672,Day_Noisy
4740,2995,766720,Day_Noisy
4750,3003,768768,Day_Noisy
4760,3011,770816,Day_Noisy
4770,3019,772864,Day_Noisy
4780,3027,774912,Day_Noisy
4790,3035,776960,Day_Noisy
4800,3043,779008,Day_Noisy
4810,3051,781056,Day_Noisy
4820,3059,783104,Day_Noisy
4830,3067,785152,Day_Noisy
4840,3075,787200,Day_Noisy
4850,3083,789248,Day_Noisy
4860,3091,791296,Day_Noisy
4870,3099,793344,Day_Noisy
4880,3107,795392,Day_Noisy
4890,3115,797440,Day_Noisy
4900,3123,799488,Day_Noisy
4910,3131,801536,Day_Noisy
4920,3139,803584,Day_Noisy
4930,3147,805632,Day_Noisy
4940,3155,807680,Day_Noisy
4950,3163,809728,Day_Noisy
4960,3171,811776,Day_Noisy
4970,3179,813824,Day_Noisy
4980,3187,815872,Day_Noisy
4990,3195,817920,Day_Noisy
5000,3,768,Night_Sleep
5001,3,768,Next_Morning
5011,3,768,Next_Morning
5021,3,768,Next_Morning
5031,3,768,Next_Morning
5041,3,768,Next_Morning
5051,3,768,Next_Morning
5061,3,768,Next_Morning
5071,3,768,Next_Morning
5081,3,768,Next_Morning
5091,3,768,Next_Morning
5101,3,768,Next_Morning
5111,3,768,Next_Morning
5121,3,768,Next_Morning
5131,3,768,Next_Morning
5141,3,768,Next_Morning
5151,3,768,Next_Morning
5161,3,768,Next_Morning
5171,3,768,Next_Morning
5181,3,768,Next_Morning
5191,3,768,Next_Morning
5201,3,768,Next_Morning
5211,3,768,Next_Morning
5221,3,768,Next_Morning
5231,3,768,Next_Morning
5241,3,768,Next_Morning
5251,3,768,Next_Morning
5261,3,768,Next_Morning
5271,3,768,Next_Morning
5281,3,768,Next_Morning
5291,3,768,Next_Morning
5301,3,768,Next_Morning
5311,3,768,Next_Morning
5321,3,768,Next_Morning
5331,3,768,Next_Morning
5341,3,768,Next_Morning
5351,3,768,Next_Morning
5361,3,768,Next_Morning
5371,3,768,Next_Morning
5381,3,768,Next_Morning
5391,3,768,Next_Morning
5401,3,768,Next_Morning
5411,3,768,Next_Morning
5421,3,768,Next_Morning
5431,3,768,Next_Morning
5441,3,768,Next_Morning
5451,3,768,Next_Morning
5461,3,768,Next_Morning
5471,3,768,Next_Morning
5481,3,768,Next_Morning
5491,3,768,Next_Morning
5501,3,768,Next_Morning
5511,3,768,Next_Morning
5521,3,768,Next_Morning
5531,3,768,Next_Morning
5541,3,768,Next_Morning
5551,3,768,Next_Morning
5561,3,768,Next_Morning
5571,3,768,Next_Morning
5581,3,768,Next_Morning
5591,3,768,Next_Morning
5601,3,768,Next_Morning
5611,3,768,Next_Morning
5621,3,768,Next_Morning
5631,3,768,Next_Morning
5641,3,768,Next_Morning
5651,3,768,Next_Morning
5661,3,768,Next_Morning
5671,3,768,Next_Morning
5681,3,768,Next_Morning
5691,3,768,Next_Morning
5701,3,768,Next_Morning
5711,3,768,Next_Morning
5721,3,768,Next_Morning
5731,3,768,Next_Morning
5741,3,768,Next_Morning
5751,3,768,Next_Morning
5761,3,768,Next_Morning
5771,3,768,Next_Morning
5781,3,768,Next_Morning
5791,3,768,Next_Morning
5801,3,768,Next_Morning
5811,3,768,Next_Morning
5821,3,768,Next_Morning
5831,3,768,Next_Morning
5841,3,768,Next_Morning
5851,3,768,Next_Morning
5861,3,768,Next_Morning
5871,3,768,Next_Morning
5881,3,768,Next_Morning
5891,3,768,Next_Morning
5901,3,768,Next_Morning
5911,3,768,Next_Morning
5921,3,768,Next_Morning
5931,3,768,Next_Morning
5941,3,768,Next_Morning
5951,3,768,Next_Morning
5961,3,768,Next_Morning
5971,3,768,Next_Morning
5981,3,768,Next_Morning
5991,3,768,Next_Morning
6001,3,768,Next_Morning
6011,3,768,Next_Morning
6021,3,768,Next_Morning
6031,3,768,Next_Morning
6041,3,768,Next_Morning
6051,3,768,Next_Morning
6061,3,768,Next_Morning
6071,3,768,Next_Morning
6081,3,768,Next_Morning
6091,3,768,Next_Morning
6101,3,768,Next_Morning
6111,3,768,Next_Morning
6121,3,768,Next_Morning
6131,3,768,Next_Morning
6141,3,768,Next_Morning
6151,3,768,Next_Morning
6161,3,768,Next_Morning
6171,3,768,Next_Morning
6181,3,768,Next_Morning
6191,3,768,Next_Morning
6201,3,768,Next_Morning
6211,3,768,Next_Morning
6221,3,768,Next_Morning
6231,3,768,Next_Morning
6241,3,768,Next_Morning
6251,3,768,Next_Morning
6261,3,768,Next_Morning
6271,3,768,Next_Morning
6281,3,768,Next_Morning
6291,3,768,Next_Morning
6301,3,768,Next_Morning
6311,3,768,Next_Morning
6321,3,768,Next_Morning
6331,3,768,Next_Morning
6341,3,768,Next_Morning
6351,3,768,Next_Morning
6361,3,768,Next_Morning
6371,3,768,Next_Morning
6381,3,768,Next_Morning
6391,3,768,Next_Morning
6401,3,768,Next_Morning
6411,3,768,Next_Morning
6421,3,768,Next_Morning
6431,3,768,Next_Morning
6441,3,768,Next_Morning
6451,3,768,Next_Morning
6461,3,768,Next_Morning
6471,3,768,Next_Morning
6481,3,768,Next_Morning
6491,3,768,Next_Morning
6501,3,768,Next_Morning
6511,3,768,Next_Morning
6521,3,768,Next_Morning
6531,3,768,Next_Morning
6541,3,768,Next_Morning
6551,3,768,Next_Morning
6561,3,768,Next_Morning
6571,3,768,Next_Morning
6581,3,768,Next_Morning
6591,3,768,Next_Morning
6601,3,768,Next_Morning
6611,3,768,Next_Morning
6621,3,768,Next_Morning
6631,3,768,Next_Morning
6641,3,768,Next_Morning
6651,3,768,Next_Morning
6661,3,768,Next_Morning
6671,3,768,Next_Morning
6681,3,768,Next_Morning
6691,3,768,Next_Morning
6701,3,768,Next_Morning
6711,3,768,Next_Morning
6721,3,768,Next_Morning
6731,3,768,Next_Morning
6741,3,768,Next_Morning
6751,3,768,Next_Morning
6761,3,768,Next_Morning
6771,3,768,Next_Morning
6781,3,768,Next_Morning
6791,3,768,Next_Morning
6801,3,768,Next_Morning
6811,3,768,Next_Morning
6821,3,768,Next_Morning
6831,3,768,Next_Morning
6841,3,768,Next_Morning
6851,3,768,Next_Morning
6861,3,768,Next_Morning
6871,3,768,Next_Morning
6881,3,768,Next_Morning
6891,3,768,Next_Morning
6901,3,768,Next_Morning
6911,3,768,Next_Morning
6921,3,768,Next_Morning
6931,3,768,Next_Morning
6941,3,768,Next_Morning
6951,3,768,Next_Morning
6961,3,768,Next_Morning
6971,3,768,Next_Morning
6981,3,768,Next_Morning
6991,3,768,Next_Morning
